{"cameraMode":{"drawMode":0,"name":"Shaded","section":"Shading Mode"},"sceneLighting":false,"audioPlay":false,"sceneViewState":{"m_AlwaysRefresh":false,"showFog":true,"showSkybox":false,"showFlares":true,"showImageEffects":true,"showParticleSystems":true,"showVisualEffectGraphs":true,"m_FxEnabled":true},"in2DMode":false,"pivot":{"x":5.508058547973633,"y":1.4165585041046143,"z":-0.9153606295585632},"rotation":{"x":-0.0077967410907149319,"y":0.973542332649231,"z":-0.22589558362960816,"w":-0.033600643277168277},"size":5.227838516235352,"orthographic":true}